123007406313,/nankai/Info_2/SubInfo_2/SubSubInfo_4/%FE%14,13
125007865751,/nankai/Info_2/SubInfo_4/SubSubInfo_4/%FE%0B,16
130019885091,/nankai/Info_2/SubInfo_1/SubSubInfo_2/%FE%19,16
135010800401,/nankai/Info_2/SubInfo_5/SubSubInfo_0/%FE%17,13
142007797462,/nankai/Info_2/SubInfo_0/SubSubInfo_5/%FE%22,11
148012516408,/nankai/Info_2/SubInfo_3/SubSubInfo_0/%FE%24,13
166003540172,/nankai/Info_2/SubInfo_4/SubSubInfo_0/%FE%1D,5
166073763431,/nankai/Info_2/SubInfo_1/SubSubInfo_5/%FE4,37
169005501271,/nankai/Info_2/SubInfo_0/SubSubInfo_3/%FE%1E,8
176002786626,/nankai/Info_2/SubInfo_3/SubSubInfo_4/%FE%24,6
179004403014,/nankai/Info_2/SubInfo_1/SubSubInfo_0/%FE%27,6
185042206663,/nankai/Info_2/SubInfo_4/SubSubInfo_3/%FEF,29
187003535169,/nankai/Info_2/SubInfo_3/SubSubInfo_0/%FE%2C,8
188002059618,/nankai/Info_2/SubInfo_5/SubSubInfo_3/%FE-,7
193004180030,/nankai/Info_2/SubInfo_5/SubSubInfo_5/%FE0,8
198002628701,/nankai/Info_2/SubInfo_2/SubSubInfo_5/%FE3,8
200021599868,/nankai/Info_2/SubInfo_3/SubSubInfo_2/%FEU,12
205002295699,/nankai/Info_2/SubInfo_3/SubSubInfo_4/%FE%0E,6
206002732336,/nankai/Info_2/SubInfo_2/SubSubInfo_4/%FE%3B,7
208009461949,/nankai/Info_2/SubInfo_2/SubSubInfo_1/%FE%3D,10
209002572176,/nankai/Info_2/SubInfo_1/SubSubInfo_5/%FE%11,5
211096206352,/nankai/Info_2/SubInfo_1/SubSubInfo_3/%FE%5D,33
216113998142,/nankai/Info_2/SubInfo_5/SubSubInfo_2/%FE%60,38
221001741166,/nankai/Info_2/SubInfo_5/SubSubInfo_0/%FE%1A,3
228001829137,/nankai/Info_2/SubInfo_4/SubSubInfo_0/%FE%21,3
230001543615,/nankai/Info_2/SubInfo_1/SubSubInfo_1/%FE%23,4
231002093968,/nankai/Info_2/SubInfo_1/SubSubInfo_3/%FE%24,5
233002846418,/nankai/Info_2/SubInfo_3/SubSubInfo_1/%FE%26,5
233138748755,/nankai/Info_2/SubInfo_4/SubSubInfo_4/%FEq,18
235061121661,/nankai/Info_2/SubInfo_3/SubSubInfo_4/%FE%06,18
245054443370,/nankai/Info_2/SubInfo_4/SubSubInfo_3/%FEY,14
246001160338,/nankai/Info_2/SubInfo_5/SubSubInfo_1/%FE0,3
247011233652,/nankai/Info_2/SubInfo_5/SubSubInfo_3/%FEZ,7
249001946450,/nankai/Info_2/SubInfo_2/SubSubInfo_5/%FE2,5
250001236408,/nankai/Info_2/SubInfo_5/SubSubInfo_5/%FE3,4
250142139340,/nankai/Info_2/SubInfo_3/SubSubInfo_3/%FE~,31
251000984706,/nankai/Info_2/SubInfo_4/SubSubInfo_0/%FE4,3
252000961586,/nankai/Info_2/SubInfo_4/SubSubInfo_3/%FE5,2
252562920962,/nankai/Info_2/SubInfo_3/SubSubInfo_2/%FE%10,24
262000997045,/nankai/Info_2/SubInfo_1/SubSubInfo_3/%FE%3B,3
262247849275,/nankai/Info_2/SubInfo_4/SubSubInfo_4/%FEb,14
263046128434,/nankai/Info_2/SubInfo_5/SubSubInfo_0/%FE%8A,13
270009427340,/nankai/Info_2/SubInfo_1/SubSubInfo_0/%FEh,12
270319605952,/nankai/Info_2/SubInfo_3/SubSubInfo_0/%FE%1C,35
271010955846,/nankai/Info_2/SubInfo_5/SubSubInfo_4/%FE%8F,9
272014038423,/nankai/Info_2/SubInfo_5/SubSubInfo_3/%FE%1B,13
272120590976,/nankai/Info_2/SubInfo_5/SubSubInfo_4/%FEi,15
274000550401,/nankai/Info_2/SubInfo_3/SubSubInfo_1/%FEC,2
275015442855,/nankai/Info_2/SubInfo_1/SubSubInfo_3/%FE%92,10
280011091898,/nankai/Info_2/SubInfo_3/SubSubInfo_4/%FE%95,10
282000853348,/nankai/Info_2/SubInfo_0/SubSubInfo_5/%FEI,3
284032032715,/nankai/Info_2/SubInfo_3/SubSubInfo_1/%FE%98,10
284033941860,/nankai/Info_2/SubInfo_3/SubSubInfo_2/%FEr,12
285459169756,/nankai/Info_2/SubInfo_5/SubSubInfo_0/%FE%99,40
287000233657,/nankai/Info_2/SubInfo_2/SubSubInfo_5/%FEL,1
287253784221,/nankai/Info_2/SubInfo_3/SubSubInfo_5/%FE%9B,13
288969033386,/nankai/Info_2/SubInfo_4/SubSubInfo_0/%FEu,18
289468500812,/nankai/Info_2/SubInfo_1/SubSubInfo_1/%FE%9C,14
291786133726,/nankai/Info_2/SubInfo_4/SubSubInfo_1/%FE%2A,38
291845074963,/nankai/Info_2/SubInfo_4/SubSubInfo_5/%FEO,3
292658942536,/nankai/Info_2/SubInfo_0/SubSubInfo_5/%FEP,49
297552260265,/nankai/Info_2/SubInfo_2/SubSubInfo_4/%FE%A0,35
298490932957,/nankai/Info_2/SubInfo_1/SubSubInfo_0/%FE%A2,30
298784674607,/nankai/Info_2/SubInfo_5/SubSubInfo_1/%FE0,35
302143052776,/nankai/Info_2/SubInfo_0/SubSubInfo_1/%FE2,17
306579661992,/nankai/Info_2/SubInfo_2/SubSubInfo_5/%FE7,15
309039661823,/nankai/Info_2/SubInfo_5/SubSubInfo_1/%FE%AA,45
309623664704,/nankai/Info_2/SubInfo_5/SubSubInfo_0/%FE%3A,20
311822273279,/nankai/Info_2/SubInfo_0/SubSubInfo_4/%FE%89,22
314437412023,/nankai/Info_2/SubInfo_5/SubSubInfo_2/%FE%8C,35
316651345519,/nankai/Info_2/SubInfo_2/SubSubInfo_0/%FE%8E,46
316921377900,/nankai/Info_2/SubInfo_5/SubSubInfo_2/%FEZ,2
318299179508,/nankai/Info_2/SubInfo_5/SubSubInfo_0/%FE%B4,46
321093260246,/nankai/Info_2/SubInfo_3/SubSubInfo_3/%FE%93,17
325017514326,/nankai/Info_2/SubInfo_4/SubSubInfo_0/%FEI,22
327156100244,/nankai/Info_2/SubInfo_3/SubSubInfo_5/%FE%5E,1
327185712254,/nankai/Info_2/SubInfo_3/SubSubInfo_5/%FE%BD,9
328497840951,/nankai/Info_2/SubInfo_2/SubSubInfo_5/%FE%98,43
329390314994,/nankai/Info_2/SubInfo_4/SubSubInfo_3/%FE%BF,19
333541558430,/nankai/Info_2/SubInfo_3/SubSubInfo_0/%FE%C3,12
334020537700,/nankai/Info_2/SubInfo_5/SubSubInfo_4/%FE%C4,9
334041045456,/nankai/Info_2/SubInfo_1/SubSubInfo_0/%FEP,10
335735489514,/nankai/Info_2/SubInfo_3/SubSubInfo_1/%FE%9D,43
339378306908,/nankai/Info_2/SubInfo_3/SubSubInfo_3/%FE%A1,39
342082353706,/nankai/Info_2/SubInfo_1/SubSubInfo_0/%FE%A4,30
342106556810,/nankai/Info_2/SubInfo_5/SubSubInfo_3/%FES,56
342252985795,/nankai/Info_2/SubInfo_5/SubSubInfo_4/%FEU,17
346000232201,/nankai/Info_2/SubInfo_0/SubSubInfo_4/%FEo,1
349204555025,/nankai/Info_2/SubInfo_0/SubSubInfo_1/%FE%AA,20
350001242937,/nankai/Info_2/SubInfo_0/SubSubInfo_2/%FEt,1
353075318409,/nankai/Info_2/SubInfo_0/SubSubInfo_5/%FE%D6,41
354058206015,/nankai/Info_2/SubInfo_2/SubSubInfo_4/%FE_,21
354077141967,/nankai/Info_2/SubInfo_0/SubSubInfo_2/%FE%D7,13
356000232201,/nankai/Info_2/SubInfo_5/SubSubInfo_5/%FEy,1
358468724734,/nankai/Info_2/SubInfo_0/SubSubInfo_4/%FEc,17
361810041448,/nankai/Info_2/SubInfo_2/SubSubInfo_0/%FEf,21
364251045200,/nankai/Info_2/SubInfo_3/SubSubInfo_4/%FE%81,2
369154584910,/nankai/Info_2/SubInfo_4/SubSubInfo_4/%FE%E4,44
372489125714,/nankai/Info_2/SubInfo_4/SubSubInfo_5/%FE%89,1
373144465671,/nankai/Info_2/SubInfo_4/SubSubInfo_2/%FE%8A,3
373923858967,/nankai/Info_2/SubInfo_2/SubSubInfo_4/%FE%C1,61
374003243237,/nankai/Info_2/SubInfo_2/SubSubInfo_5/%FE%8B,1
374028478722,/nankai/Info_2/SubInfo_0/SubSubInfo_0/%FE%E3,8
374070196930,/nankai/Info_2/SubInfo_3/SubSubInfo_2/%FEl,28
375000232201,/nankai/Info_2/SubInfo_3/SubSubInfo_4/%FE%8C,1
375346795624,/nankai/Info_2/SubInfo_3/SubSubInfo_3/%FE%E8,29
376336817835,/nankai/Info_2/SubInfo_3/SubSubInfo_5/%FE%8D,1
379000232201,/nankai/Info_2/SubInfo_4/SubSubInfo_0/%FE%90,1
381316016814,/nankai/Info_2/SubInfo_5/SubSubInfo_1/%FE%C7,33
382136182208,/nankai/Info_2/SubInfo_0/SubSubInfo_3/%FE%ED,9
383000232201,/nankai/Info_2/SubInfo_1/SubSubInfo_0/%FE%93,1
390367834807,/nankai/Info_2/SubInfo_3/SubSubInfo_4/%FE%CF,30
392003189361,/nankai/Info_2/SubInfo_0/SubSubInfo_2/%FE%9A,2
393000232171,/nankai/Info_2/SubInfo_3/SubSubInfo_0/%FE%9B,1
394009426864,/nankai/Info_2/SubInfo_1/SubSubInfo_4/%FE%F6,7
396000232101,/nankai/Info_2/SubInfo_0/SubSubInfo_5/%FE%9E,1
397000232068,/nankai/Info_2/SubInfo_5/SubSubInfo_1/%FE%9F,1
403263135505,/nankai/Info_2/SubInfo_5/SubSubInfo_3/%FE%FC,8
405000232268,/nankai/Info_2/SubInfo_0/SubSubInfo_2/%FE%A5,1
405285728266,/nankai/Info_2/SubInfo_5/SubSubInfo_0/%FE%82,35
406037200548,/nankai/Info_2/SubInfo_0/SubSubInfo_1/%FE%7F,12
408454856663,/nankai/Info_2/SubInfo_0/SubSubInfo_5/%FE%DA,23
411169193745,/nankai/Info_2/SubInfo_4/SubSubInfo_5/%FE%A9,6
413440407634,/nankai/Info_2/SubInfo_0/SubSubInfo_1/%FE%DF,18
417487412728,/nankai/Info_2/SubInfo_1/SubSubInfo_0/%FE%85,34
420298633529,/nankai/Info_2/SubInfo_1/SubSubInfo_2/%FE%01%08,6
422720063669,/nankai/Info_2/SubInfo_0/SubSubInfo_1/%FE%E8,20
423826522100,/nankai/Info_2/SubInfo_3/SubSubInfo_0/%FE%01%0A,8
423937670305,/nankai/Info_2/SubInfo_5/SubSubInfo_2/%FE%E9,43
425145986884,/nankai/Info_2/SubInfo_2/SubSubInfo_4/%FE%01%0B,9
428256386014,/nankai/Info_2/SubInfo_1/SubSubInfo_3/%FE%B7,5
428611252073,/nankai/Info_2/SubInfo_2/SubSubInfo_5/%FE%EC,39
432535288467,/nankai/Info_2/SubInfo_4/SubSubInfo_4/%FE%BB,4
435040149323,/nankai/Info_2/SubInfo_2/SubSubInfo_4/%FE%BC,3
435355813000,/nankai/Info_2/SubInfo_2/SubSubInfo_3/%FE%F3,34
440761608529,/nankai/Info_2/SubInfo_5/SubSubInfo_2/%FE%F8,21
442444223626,/nankai/Info_2/SubInfo_1/SubSubInfo_1/%FE%F9,36
443738426469,/nankai/Info_2/SubInfo_0/SubSubInfo_3/%FE%9C,14
450220144186,/nankai/Info_2/SubInfo_4/SubSubInfo_2/%FE%A1,17
454585955190,/nankai/Info_2/SubInfo_0/SubSubInfo_5/%FE%01%06,27
455002488436,/nankai/Info_2/SubInfo_2/SubSubInfo_5/%FE%C7,5
455126652924,/nankai/Info_2/SubInfo_4/SubSubInfo_0/%FE%A2,28
457070954482,/nankai/Info_2/SubInfo_0/SubSubInfo_2/%FE%01%29,4
463363637582,/nankai/Info_2/SubInfo_3/SubSubInfo_3/%FE%01%0D,33
466392829685,/nankai/Info_2/SubInfo_3/SubSubInfo_1/%FE%012,27
466505884171,/nankai/Info_2/SubInfo_5/SubSubInfo_3/%FE%A8,25
468567620616,/nankai/Info_2/SubInfo_5/SubSubInfo_3/%FE%B0,13
469867812914,/nankai/Info_2/SubInfo_0/SubSubInfo_1/%FE%015,34
469882130407,/nankai/Info_2/SubInfo_2/SubSubInfo_0/%FE%D3,30
470256705216,/nankai/Info_2/SubInfo_0/SubSubInfo_2/%FE%016,25
471455620706,/nankai/Info_2/SubInfo_5/SubSubInfo_5/%FE%D5,18
471962338814,/nankai/Info_2/SubInfo_5/SubSubInfo_5/%FE%017,35
473072628357,/nankai/Info_2/SubInfo_3/SubSubInfo_4/%FE%019,3
474522744718,/nankai/Info_2/SubInfo_0/SubSubInfo_0/%FE%01%3A,32
475495986932,/nankai/Info_2/SubInfo_2/SubSubInfo_0/%FE%D9,7
478647593144,/nankai/Info_2/SubInfo_0/SubSubInfo_0/%FE%01%3D,3
480954146919,/nankai/Info_2/SubInfo_0/SubSubInfo_0/%FE%01%3C,31
482009654471,/nankai/Info_2/SubInfo_1/SubSubInfo_2/%FE%E0,4
483000233075,/nankai/Info_2/SubInfo_5/SubSubInfo_1/%FE%01%3E,1
486490696565,/nankai/Info_2/SubInfo_5/SubSubInfo_4/%FE%01%20,29
488000232796,/nankai/Info_2/SubInfo_3/SubSubInfo_0/%FE%01D,1
493559015785,/nankai/Info_2/SubInfo_3/SubSubInfo_0/%FE%C6,19
494051756203,/nankai/Info_2/SubInfo_5/SubSubInfo_5/%FE%01I,1
494230167125,/nankai/Info_2/SubInfo_0/SubSubInfo_4/%FE%01%23,14
495229798111,/nankai/Info_2/SubInfo_1/SubSubInfo_3/%FE%C7,17
497000232361,/nankai/Info_2/SubInfo_4/SubSubInfo_3/%FE%01L,1
498000232342,/nankai/Info_2/SubInfo_0/SubSubInfo_4/%FE%01M,1
500076677298,/nankai/Info_2/SubInfo_5/SubSubInfo_5/%FE%01O,1
500427941761,/nankai/Info_2/SubInfo_4/SubSubInfo_1/%FE%CA,29
501000232275,/nankai/Info_2/SubInfo_4/SubSubInfo_2/%FE%01P,1
502244066701,/nankai/Info_2/SubInfo_3/SubSubInfo_4/%FE%CC,32
504246144540,/nankai/Info_2/SubInfo_5/SubSubInfo_2/%FE%CE,12
504469348100,/nankai/Info_2/SubInfo_4/SubSubInfo_4/%FE%01%2B,39
506000232254,/nankai/Info_2/SubInfo_1/SubSubInfo_2/%FE%01U,1
508226467570,/nankai/Info_2/SubInfo_2/SubSubInfo_0/%FE%01%2F,28
518000232253,/nankai/Info_2/SubInfo_1/SubSubInfo_5/%FE%01%5E,1
527000232219,/nankai/Info_2/SubInfo_0/SubSubInfo_3/%FE%01b,1
531000232182,/nankai/Info_2/SubInfo_1/SubSubInfo_0/%FE%01d,1
543027366015,/nankai/Info_2/SubInfo_2/SubSubInfo_5/%FE%E1,9
548010477088,/nankai/Info_2/SubInfo_5/SubSubInfo_0/%FE%01%04,8
548080594856,/nankai/Info_2/SubInfo_2/SubSubInfo_1/%FE%E9,11
548181331850,/nankai/Info_2/SubInfo_3/SubSubInfo_3/%FE%01F,18
549215114620,/nankai/Info_2/SubInfo_3/SubSubInfo_3/%FE%D8,7
552677138932,/nankai/Info_2/SubInfo_4/SubSubInfo_3/%FE%01%08,10
553000232728,/nankai/Info_2/SubInfo_0/SubSubInfo_3/%FE%01p,1
553696591064,/nankai/Info_2/SubInfo_5/SubSubInfo_0/%FE%01I,12
555545215437,/nankai/Info_2/SubInfo_4/SubSubInfo_5/%FE%01%0F,10
556453902938,/nankai/Info_2/SubInfo_0/SubSubInfo_2/%FE%01%10,7
558564190324,/nankai/Info_2/SubInfo_1/SubSubInfo_1/%FE%EA,10
559314098715,/nankai/Info_2/SubInfo_1/SubSubInfo_5/%FE%01r,1
562444780036,/nankai/Info_2/SubInfo_3/SubSubInfo_2/%FE%01%0D,23
563360036771,/nankai/Info_2/SubInfo_0/SubSubInfo_2/%FE%ED,12
564067546862,/nankai/Info_2/SubInfo_2/SubSubInfo_1/%FE%EE,6
565006745885,/nankai/Info_2/SubInfo_4/SubSubInfo_5/%FE%01u,1
571194980910,/nankai/Info_2/SubInfo_2/SubSubInfo_0/%FE%F1,22
572011495205,/nankai/Info_2/SubInfo_2/SubSubInfo_3/%FE%01y,2
576011334175,/nankai/Info_2/SubInfo_4/SubSubInfo_1/%FE%F3,6
576085233088,/nankai/Info_2/SubInfo_5/SubSubInfo_2/%FE%01%16,10
578000233893,/nankai/Info_2/SubInfo_1/SubSubInfo_5/%FE%01~,1
578221791910,/nankai/Info_2/SubInfo_4/SubSubInfo_0/%FE%01%18,14
585001567378,/nankai/Info_2/SubInfo_5/SubSubInfo_2/%FE%01%81,3
592060595646,/nankai/Info_2/SubInfo_4/SubSubInfo_1/%FE%FF,8
595000931840,/nankai/Info_2/SubInfo_3/SubSubInfo_5/%FE%01%87,3
601224864693,/nankai/Info_2/SubInfo_2/SubSubInfo_3/%FE%01%23,14
602001789587,/nankai/Info_2/SubInfo_1/SubSubInfo_1/%FE%01%8B,3
606314449287,/nankai/Info_2/SubInfo_5/SubSubInfo_4/%FE%01%29,52
607004411421,/nankai/Info_2/SubInfo_4/SubSubInfo_4/%FE%01%8F,5
607411218211,/nankai/Info_2/SubInfo_2/SubSubInfo_5/%FE%01m,24
608018527523,/nankai/Info_2/SubInfo_2/SubSubInfo_2/%FE%01n,15
610680384451,/nankai/Info_2/SubInfo_0/SubSubInfo_1/%FE%01%2C,24
612877649908,/nankai/Info_2/SubInfo_5/SubSubInfo_5/%FE%01%06,9
613254016226,/nankai/Info_2/SubInfo_3/SubSubInfo_3/%FE%010,13
615625991617,/nankai/Info_2/SubInfo_5/SubSubInfo_2/%FE%012,15
616547744948,/nankai/Info_2/SubInfo_5/SubSubInfo_1/%FE%01%0C,7
616757390573,/nankai/Info_2/SubInfo_4/SubSubInfo_2/%FE%013,22
628004154735,/nankai/Info_2/SubInfo_0/SubSubInfo_1/%FE%01%9C,4
630003164675,/nankai/Info_2/SubInfo_3/SubSubInfo_4/%FE%01%9D,4
635004909578,/nankai/Info_2/SubInfo_4/SubSubInfo_5/%FE%01%A1,4
636007820965,/nankai/Info_2/SubInfo_3/SubSubInfo_0/%FE%01%84,17
639047896336,/nankai/Info_2/SubInfo_0/SubSubInfo_3/%FE%01A,21
639109607867,/nankai/Info_2/SubInfo_1/SubSubInfo_5/%FE%01%86,30
660026803406,/nankai/Info_2/SubInfo_5/SubSubInfo_3/%FE%01%8C,15
661003363254,/nankai/Info_2/SubInfo_3/SubSubInfo_0/%FE%01%9F,5
671001368660,/nankai/Info_2/SubInfo_2/SubSubInfo_5/%FE%01%9B,4
674098512107,/nankai/Info_2/SubInfo_0/SubSubInfo_0/%FE%01Q,31
679001935801,/nankai/Info_2/SubInfo_5/SubSubInfo_2/%FE%01%AF,4
681004346616,/nankai/Info_2/SubInfo_1/SubSubInfo_5/%FE%01%B1,6
689068224079,/nankai/Info_2/SubInfo_5/SubSubInfo_2/%FE%01%92,21
691012932142,/nankai/Info_2/SubInfo_5/SubSubInfo_5/%FE%01%24,8
692165684010,/nankai/Info_2/SubInfo_4/SubSubInfo_5/%FE%01%5D,29
693138113776,/nankai/Info_2/SubInfo_3/SubSubInfo_5/%FE%01%5E,33
694129840451,/nankai/Info_2/SubInfo_3/SubSubInfo_5/%FE%01%A4,7
695981920514,/nankai/Info_2/SubInfo_4/SubSubInfo_1/%FE%01%98,21
696041138270,/nankai/Info_2/SubInfo_2/SubSubInfo_5/%FE%01%2A,4
697173301171,/nankai/Info_2/SubInfo_4/SubSubInfo_1/%FE%01%9A,17
699001780254,/nankai/Info_2/SubInfo_2/SubSubInfo_5/%FE%01%AA,6
699059295070,/nankai/Info_2/SubInfo_5/SubSubInfo_2/%FE%01-,6
699665781598,/nankai/Info_2/SubInfo_5/SubSubInfo_0/%FE%01c,40
700154714137,/nankai/Info_2/SubInfo_3/SubSubInfo_5/%FE%01d,34
703000853258,/nankai/Info_2/SubInfo_0/SubSubInfo_5/%FE%013,2
705872880237,/nankai/Info_2/SubInfo_0/SubSubInfo_4/%FE%01%A2,15
706402177939,/nankai/Info_2/SubInfo_0/SubSubInfo_1/%FE%01j,33
707009042998,/nankai/Info_2/SubInfo_1/SubSubInfo_5/%FE%01%B6,6
709036822410,/nankai/Info_2/SubInfo_4/SubSubInfo_2/%FE%01%B9,7
713000524101,/nankai/Info_2/SubInfo_5/SubSubInfo_4/%FE%018,2
716165272559,/nankai/Info_2/SubInfo_4/SubSubInfo_4/%FE%01%AA,16
717011419225,/nankai/Info_2/SubInfo_4/SubSubInfo_5/%FE%01q,10
718069764226,/nankai/Info_2/SubInfo_1/SubSubInfo_4/%FE%01%AD,20
719000233351,/nankai/Info_2/SubInfo_1/SubSubInfo_4/%FE%01%3C,1
722011492457,/nankai/Info_2/SubInfo_2/SubSubInfo_5/%FE%01t,11
723027316953,/nankai/Info_2/SubInfo_1/SubSubInfo_5/%FE%01%B0,27
725152468775,/nankai/Info_2/SubInfo_3/SubSubInfo_5/%FE%01%B2,16
726000232954,/nankai/Info_2/SubInfo_4/SubSubInfo_5/%FE%01A,1
733000232558,/nankai/Info_2/SubInfo_4/SubSubInfo_2/%FE%01F,1
737013362466,/nankai/Info_2/SubInfo_3/SubSubInfo_1/%FE%01%B9,17
740006557101,/nankai/Info_2/SubInfo_4/SubSubInfo_1/%FE%01%C2,10
743119801958,/nankai/Info_2/SubInfo_3/SubSubInfo_1/%FE%01%BE,15
745086637908,/nankai/Info_2/SubInfo_0/SubSubInfo_3/%FE%01%C0,18
746687311718,/nankai/Info_2/SubInfo_4/SubSubInfo_3/%FE%01%C1,14
752016273888,/nankai/Info_2/SubInfo_1/SubSubInfo_5/%FE%01R,1
754166842610,/nankai/Info_2/SubInfo_4/SubSubInfo_2/%FE%01%C9,20
756000232095,/nankai/Info_2/SubInfo_2/SubSubInfo_3/%FE%01W,1
757000232095,/nankai/Info_2/SubInfo_3/SubSubInfo_4/%FE%01X,1
765000232095,/nankai/Info_2/SubInfo_3/SubSubInfo_4/%FE%01_,1
766021013084,/nankai/Info_2/SubInfo_3/SubSubInfo_0/%FE%01%D0,14
767109679744,/nankai/Info_2/SubInfo_0/SubSubInfo_0/%FE%01%D5,31
769000232095,/nankai/Info_2/SubInfo_5/SubSubInfo_2/%FE%01c,1
770000232095,/nankai/Info_2/SubInfo_2/SubSubInfo_0/%FE%01d,1
771000232095,/nankai/Info_2/SubInfo_5/SubSubInfo_4/%FE%01e,1
772000232095,/nankai/Info_2/SubInfo_5/SubSubInfo_2/%FE%01f,1
775123697462,/nankai/Info_2/SubInfo_1/SubSubInfo_5/%FE%01%D6,14
776009971218,/nankai/Info_2/SubInfo_4/SubSubInfo_5/%FE%01%D7,10
779000232095,/nankai/Info_2/SubInfo_2/SubSubInfo_4/%FE%01k,1
791000232095,/nankai/Info_2/SubInfo_3/SubSubInfo_3/%FE%01q,1
792331707252,/nankai/Info_2/SubInfo_2/SubSubInfo_1/%FE%01%A2,33
796000232095,/nankai/Info_2/SubInfo_1/SubSubInfo_5/%FE%01u,1
798322922146,/nankai/Info_2/SubInfo_4/SubSubInfo_2/%FE%01%E6,15
799000232095,/nankai/Info_2/SubInfo_2/SubSubInfo_5/%FE%01x,1
799062905566,/nankai/Info_2/SubInfo_3/SubSubInfo_1/%FE%01%E7,9
806010008365,/nankai/Info_2/SubInfo_1/SubSubInfo_2/%FE%01%E9,10
806384431228,/nankai/Info_2/SubInfo_3/SubSubInfo_4/%FE%01%AE,35
806951614444,/nankai/Info_2/SubInfo_0/SubSubInfo_5/%FE%01%EE,16
809251400702,/nankai/Info_2/SubInfo_0/SubSubInfo_5/%FE%01%EB,11
810000232095,/nankai/Info_2/SubInfo_3/SubSubInfo_1/%FE%01%83,1
811000232095,/nankai/Info_2/SubInfo_1/SubSubInfo_0/%FE%01%84,1
812026634734,/nankai/Info_2/SubInfo_5/SubSubInfo_3/%FE%01%F2,9
812758242989,/nankai/Info_2/SubInfo_2/SubSubInfo_3/%FE%01%EC,21
813489689222,/nankai/Info_2/SubInfo_1/SubSubInfo_4/%FE%01%F3,9
815594501583,/nankai/Info_2/SubInfo_3/SubSubInfo_4/%FE%01%EE,11
815852240368,/nankai/Info_2/SubInfo_0/SubSubInfo_3/%FE%01%B4,31
817147020640,/nankai/Info_2/SubInfo_3/SubSubInfo_0/%FE%01%EF,12
818061208749,/nankai/Info_2/SubInfo_4/SubSubInfo_0/%FE%01%F1,12
818374464503,/nankai/Info_2/SubInfo_5/SubSubInfo_4/%FE%01%F4,12
821062032264,/nankai/Info_2/SubInfo_1/SubSubInfo_5/%FE%01%F4,12
822421696779,/nankai/Info_2/SubInfo_2/SubSubInfo_1/%FE%01%F5,13
830030850091,/nankai/Info_2/SubInfo_0/SubSubInfo_0/%FE%01%93,1
833000232095,/nankai/Info_2/SubInfo_2/SubSubInfo_5/%FE%01%96,1
833358176883,/nankai/Info_2/SubInfo_5/SubSubInfo_1/%FE%01%FF,8
834110229048,/nankai/Info_2/SubInfo_1/SubSubInfo_2/%FE%01%FD,17
839617001677,/nankai/Info_2/SubInfo_2/SubSubInfo_1/%FE%01%FF,32
841012200169,/nankai/Info_2/SubInfo_4/SubSubInfo_0/%FE%02%03,10
842000232095,/nankai/Info_2/SubInfo_3/SubSubInfo_3/%FE%01%9D,1
842237893712,/nankai/Info_2/SubInfo_2/SubSubInfo_2/%FE%01%C8,26
846031905587,/nankai/Info_2/SubInfo_2/SubSubInfo_3/%FE%01%CC,26
851166730548,/nankai/Info_2/SubInfo_1/SubSubInfo_5/%FE%02%0D,26
860000232598,/nankai/Info_2/SubInfo_3/SubSubInfo_4/%FE%01%AA,1
860103434404,/nankai/Info_2/SubInfo_4/SubSubInfo_5/%FE%02%14,10
861000232650,/nankai/Info_2/SubInfo_5/SubSubInfo_0/%FE%01%AB,1
863353896211,/nankai/Info_2/SubInfo_0/SubSubInfo_4/%FE%02%17,13
865000232864,/nankai/Info_2/SubInfo_0/SubSubInfo_4/%FE%01%AE,1
865399829805,/nankai/Info_2/SubInfo_1/SubSubInfo_3/%FE%01%DD,21
867000523052,/nankai/Info_2/SubInfo_5/SubSubInfo_1/%FE%01%B0,2
869497573811,/nankai/Info_2/SubInfo_0/SubSubInfo_1/%FE%02%17,9
871211672850,/nankai/Info_2/SubInfo_2/SubSubInfo_3/%FE%02%16,8
872587736880,/nankai/Info_2/SubInfo_1/SubSubInfo_1/%FE%02%1D,25
885000524054,/nankai/Info_2/SubInfo_5/SubSubInfo_4/%FE%01%BB,2
899008674209,/nankai/Info_2/SubInfo_0/SubSubInfo_5/%FE%02%23,7
908002624271,/nankai/Info_2/SubInfo_1/SubSubInfo_3/%FE%01%C6,4
913076559929,/nankai/Info_2/SubInfo_3/SubSubInfo_5/%FE%023,20
926013127586,/nankai/Info_2/SubInfo_0/SubSubInfo_5/%FE%023,8
926047954991,/nankai/Info_2/SubInfo_1/SubSubInfo_0/%FE%02%3D,9
930023270605,/nankai/Info_2/SubInfo_0/SubSubInfo_5/%FE%026,11
931022277467,/nankai/Info_2/SubInfo_1/SubSubInfo_0/%FE%02B,7
931061931504,/nankai/Info_2/SubInfo_4/SubSubInfo_4/%FE%01%D8,6
932095942068,/nankai/Info_2/SubInfo_0/SubSubInfo_3/%FE%02%00,29
934105067638,/nankai/Info_2/SubInfo_5/SubSubInfo_5/%FE%02D,11
934158320392,/nankai/Info_2/SubInfo_5/SubSubInfo_0/%FE%01%DB,20
934368459566,/nankai/Info_2/SubInfo_3/SubSubInfo_5/%FE%02%3A,14
935095420253,/nankai/Info_2/SubInfo_1/SubSubInfo_3/%FE%01%DC,11
936047324315,/nankai/Info_2/SubInfo_2/SubSubInfo_1/%FE%02%03,27
936116480604,/nankai/Info_2/SubInfo_1/SubSubInfo_2/%FE%02%3B,12
936173970038,/nankai/Info_2/SubInfo_0/SubSubInfo_1/%FE%02F,21
937023164466,/nankai/Info_2/SubInfo_5/SubSubInfo_0/%FE%02G,7
937115600915,/nankai/Info_2/SubInfo_2/SubSubInfo_2/%FE%02%04,24
938141230187,/nankai/Info_2/SubInfo_4/SubSubInfo_0/%FE%01%DF,13
938496250249,/nankai/Info_2/SubInfo_3/SubSubInfo_3/%FE%02%01,24
941118528446,/nankai/Info_2/SubInfo_5/SubSubInfo_1/%FE%02K,7
942077000994,/nankai/Info_2/SubInfo_0/SubSubInfo_1/%FE%01%E3,5
942473081061,/nankai/Info_2/SubInfo_4/SubSubInfo_2/%FE%02%3F,16
944007631225,/nankai/Info_2/SubInfo_1/SubSubInfo_1/%FE%01%E5,5
949068962763,/nankai/Info_2/SubInfo_1/SubSubInfo_5/%FE%01%E9,9
950008322369,/nankai/Info_2/SubInfo_1/SubSubInfo_0/%FE%01%EB,6
950284565144,/nankai/Info_2/SubInfo_5/SubSubInfo_1/%FE%02S,35
950743779957,/nankai/Info_2/SubInfo_1/SubSubInfo_5/%FE%02%0C,23
952022837175,/nankai/Info_2/SubInfo_5/SubSubInfo_1/%FE%01%ED,8
952431260304,/nankai/Info_2/SubInfo_1/SubSubInfo_2/%FE%02%0E,22
952932222659,/nankai/Info_2/SubInfo_2/SubSubInfo_1/%FE%02%0F,23
956001542822,/nankai/Info_2/SubInfo_1/SubSubInfo_5/%FE%02Z,4
959178923510,/nankai/Info_2/SubInfo_5/SubSubInfo_3/%FE%01%F4,6
960001462118,/nankai/Info_2/SubInfo_1/SubSubInfo_3/%FE%02%5E,4
963764413881,/nankai/Info_2/SubInfo_0/SubSubInfo_3/%FE%02%11,26
965001884760,/nankai/Info_2/SubInfo_5/SubSubInfo_0/%FE%02c,4
966912080613,/nankai/Info_2/SubInfo_3/SubSubInfo_2/%FE%02%14,20
972009701082,/nankai/Info_2/SubInfo_0/SubSubInfo_2/%FE%02S,14
972379978470,/nankai/Info_2/SubInfo_2/SubSubInfo_1/%FE%02%00,21
973001132382,/nankai/Info_2/SubInfo_5/SubSubInfo_1/%FE%02k,4
973441360162,/nankai/Info_2/SubInfo_5/SubSubInfo_1/%FE%02%17,12
974001106426,/nankai/Info_2/SubInfo_0/SubSubInfo_5/%FE%02l,3
974030129542,/nankai/Info_2/SubInfo_3/SubSubInfo_0/%FE%02U,13
975001011280,/nankai/Info_2/SubInfo_4/SubSubInfo_2/%FE%02m,3
975345153913,/nankai/Info_2/SubInfo_2/SubSubInfo_3/%FE%02%10,18
977009410433,/nankai/Info_2/SubInfo_0/SubSubInfo_5/%FE%02W,13
978011429992,/nankai/Info_2/SubInfo_5/SubSubInfo_0/%FE%02X,14
979062366761,/nankai/Info_2/SubInfo_2/SubSubInfo_2/%FE%02q,6
980002159286,/nankai/Info_2/SubInfo_3/SubSubInfo_0/%FE%02r,5
982030958596,/nankai/Info_2/SubInfo_1/SubSubInfo_1/%FE%02t,3
982826442723,/nankai/Info_2/SubInfo_3/SubSubInfo_1/%FE%02%1C,22
984063634551,/nankai/Info_2/SubInfo_3/SubSubInfo_2/%FE%02%5D,18
985248484389,/nankai/Info_2/SubInfo_3/SubSubInfo_5/%FE%02%0B,12
986407594216,/nankai/Info_2/SubInfo_2/SubSubInfo_0/%FE%02%60,17
987694971703,/nankai/Info_2/SubInfo_4/SubSubInfo_4/%FE%02%1B,26
988534893516,/nankai/Info_2/SubInfo_2/SubSubInfo_4/%FE%02a,17
992363285897,/nankai/Info_2/SubInfo_3/SubSubInfo_2/%FE%02%21,19
994222630390,/nankai/Info_2/SubInfo_2/SubSubInfo_0/%FE%02%80,7
994968583815,/nankai/Info_2/SubInfo_5/SubSubInfo_2/%FE%02%23,25
995100821312,/nankai/Info_2/SubInfo_0/SubSubInfo_2/%FE%02%15,7
997130459321,/nankai/Info_2/SubInfo_4/SubSubInfo_3/%FE%02%17,8
997355341169,/nankai/Info_2/SubInfo_2/SubSubInfo_1/%FE%02%83,7
1002195526961,/nankai/Info_2/SubInfo_0/SubSubInfo_5/%FE%02%1B,27
1006309761617,/nankai/Info_2/SubInfo_2/SubSubInfo_3/%FE%02%2B,34
1008018569924,/nankai/Info_2/SubInfo_3/SubSubInfo_5/%FE%02%8B,4
1013000814082,/nankai/Info_2/SubInfo_0/SubSubInfo_0/%FE%02%8C,3
1014000233993,/nankai/Info_2/SubInfo_2/SubSubInfo_3/%FE%02%8E,1
1016000233880,/nankai/Info_2/SubInfo_2/SubSubInfo_5/%FE%02%90,1
1018000523797,/nankai/Info_2/SubInfo_0/SubSubInfo_1/%FE%02%91,2
1032051410626,/nankai/Info_2/SubInfo_1/SubSubInfo_5/%FE%02%9A,3
1037015854895,/nankai/Info_2/SubInfo_0/SubSubInfo_1/%FE%02%81,15
1044000232330,/nankai/Info_2/SubInfo_4/SubSubInfo_0/%FE%02%A2,1
1052163569561,/nankai/Info_2/SubInfo_1/SubSubInfo_5/%FE%02-,37
1056015207187,/nankai/Info_2/SubInfo_3/SubSubInfo_1/%FE%02%AB,1
1059991786977,/nankai/Info_2/SubInfo_2/SubSubInfo_5/%FE%02Q,27
1061388444533,/nankai/Info_2/SubInfo_2/SubSubInfo_4/%FE%026,58
1063835615244,/nankai/Info_2/SubInfo_4/SubSubInfo_2/%FE%02U,29
1064043481831,/nankai/Info_2/SubInfo_3/SubSubInfo_1/%FE%02%B2,2
1067585106139,/nankai/Info_2/SubInfo_3/SubSubInfo_5/%FE%02V,22
